settlement_date,strategy,revenue_gbp,degradation_gbp,net_gbp,discharged_mwh,charged_mwh,cycles
2026-09-25,forecast_lgbm,86.3857,28.4605,57.9252,2.8460,3.1623,1.5000
2026-09-25,forecast_naive,101.4709,28.4605,73.0104,2.8460,3.1623,1.5000
2026-09-25,perfect_foresight,124.2939,28.4605,95.8334,2.8460,3.1623,1.5000
2026-09-26,forecast_lgbm,314.1133,18.9735,295.1398,1.8973,2.1082,1.0000
2026-09-26,forecast_naive,232.6437,28.4605,204.1832,2.8460,3.1623,1.5000
2026-09-26,perfect_foresight,370.3237,28.4605,341.8632,2.8460,3.1623,1.5000
2026-09-27,forecast_lgbm,315.0770,18.9735,296.1035,1.8973,2.1082,1.0000
2026-09-27,forecast_naive,169.3764,28.4605,140.9159,2.8460,3.1623,1.5000
2026-09-27,perfect_foresight,331.3693,18.9737,312.3956,1.8974,2.1082,1.0000
2026-09-28,forecast_lgbm,227.5973,28.4605,199.1368,2.8460,3.1623,1.5000
2026-09-28,forecast_naive,167.8869,28.4605,139.4264,2.8460,3.1623,1.5000
2026-09-28,perfect_foresight,245.5597,28.4605,217.0992,2.8460,3.1623,1.5000
2026-09-29,forecast_lgbm,151.3863,23.9735,127.4128,2.3973,2.6638,1.2635
2026-09-29,forecast_naive,196.1947,28.4605,167.7342,2.8460,3.1623,1.5000
2026-09-29,perfect_foresight,238.4272,28.4605,209.9667,2.8460,3.1623,1.5000
2026-09-30,forecast_lgbm,175.7368,28.4605,147.2763,2.8460,3.1623,1.5000
2026-09-30,forecast_naive,128.0736,23.9735,104.1001,2.3973,2.6637,1.2635
2026-09-30,perfect_foresight,305.0070,28.4605,276.5465,2.8460,3.1623,1.5000
2026-10-01,forecast_lgbm,139.8317,28.4605,111.3712,2.8460,3.1623,1.5000
2026-10-01,forecast_naive,103.3908,28.4605,74.9303,2.8460,3.1623,1.5000
2026-10-01,perfect_foresight,147.3513,28.4605,118.8908,2.8460,3.1623,1.5000
2026-10-02,forecast_lgbm,122.3150,28.4605,93.8545,2.8460,3.1623,1.5000
2026-10-02,forecast_naive,74.8761,28.4605,46.4156,2.8460,3.1623,1.5000
2026-10-02,perfect_foresight,139.5155,28.4605,111.0550,2.8460,3.1623,1.5000
2026-10-03,forecast_lgbm,53.4079,28.4605,24.9474,2.8460,3.1623,1.5000
2026-10-03,forecast_naive,73.0744,28.4605,44.6139,2.8460,3.1623,1.5000
2026-10-03,perfect_foresight,91.5197,18.9737,72.5461,1.8974,2.1082,1.0000
2026-10-04,forecast_lgbm,282.0677,18.9735,263.0942,1.8973,2.1082,1.0000
2026-10-04,forecast_naive,276.2342,18.9735,257.2607,1.8973,2.1082,1.0000
2026-10-04,perfect_foresight,312.7042,18.9737,293.7305,1.8974,2.1082,1.0000
2026-10-05,forecast_lgbm,397.5611,28.4605,369.1006,2.8460,3.1623,1.5000
2026-10-05,forecast_naive,363.1421,28.4605,334.6816,2.8460,3.1623,1.5000
2026-10-05,perfect_foresight,404.2149,28.4605,375.7544,2.8460,3.1623,1.5000
2026-10-06,forecast_lgbm,387.2885,28.4605,358.8280,2.8460,3.1623,1.5000
2026-10-06,forecast_naive,397.2302,28.4605,368.7697,2.8460,3.1623,1.5000
2026-10-06,perfect_foresight,418.8526,28.4605,390.3921,2.8460,3.1623,1.5000
2026-10-08,forecast_lgbm,142.6953,28.4605,114.2348,2.8460,3.1623,1.5000
2026-10-08,forecast_naive,121.9398,28.4605,93.4793,2.8460,3.1623,1.5000
2026-10-08,perfect_foresight,182.1130,28.4605,153.6525,2.8460,3.1623,1.5000
2026-10-09,forecast_lgbm,152.3257,23.9735,128.3522,2.3973,2.6638,1.2635
2026-10-09,forecast_naive,129.2346,28.4605,100.7741,2.8460,3.1623,1.5000
2026-10-09,perfect_foresight,210.7719,28.4605,182.3114,2.8460,3.1623,1.5000
